latitude,longitude,bright_ti4,scan,track,acq_date,acq_time,satellite,instrument,confidence,version,bright_ti5,frp,daynight,acq_datetime,brightness_primary,brightness_secondary,confidence_score,confidence_category,dist_to_industrial_km,is_near_industrial,persistence_count,persistence_days,is_night,is_synthetic,facility_name
15.18683,76.6622,352.43,0.46,0.54,2026-08-23,1627,VIIRS_SNPP_NRT,VIIRS,h,2.0NRT,307.63,159.69,D,2026-08-23 16:27:00,352.43,307.63,95.7,high,0.622,1.0,2,0.49,0.0,1,JSW Steel Vijayanagar Complex
19.825,79.17314,351.0,0.58,0.39,2026-08-20,1726,VIIRS_SNPP_NRT,VIIRS,h,2.0NRT,305.41,123.46,D,2026-08-20 17:26:00,351.0,305.41,93.8,high,0.628,1.0,2,0.28,0.0,1,Ambuja Cement Maratha
17.62438,83.16504,393.47,0.49,0.4,2026-08-20,0207,VIIRS_SNPP_NRT,VIIRS,h,2.0NRT,297.89,274.17,N,2026-08-20 02:07:00,393.47,297.89,90.2,high,0.251,1.0,2,0.26,1.0,1,RINL Visakhapatnam Steel Plant
22.34686,82.6728,387.12,0.35,0.51,2026-08-23,0049,VIIRS_NOAA20_NRT,VIIRS,h,2.0NRT,305.07,133.54,N,2026-08-23 00:49:00,387.12,305.07,90.4,high,1.135,1.0,1,0.4,1.0,1,Korba Coalfield
23.66552,86.93997,354.57,0.54,0.46,2026-08-23,0045,VIIRS_NOAA20_NRT,VIIRS,h,2.0NRT,294.72,78.45,N,2026-08-23 00:45:00,354.57,294.72,94.4,high,1.067,1.0,1,0.18,1.0,1,SAIL IISCO Steel Plant (Burnpur)
21.67365,72.53204,367.2,0.52,0.51,2026-08-24,0126,VIIRS_SNPP_NRT,VIIRS,h,2.0NRT,305.8,153.87,N,2026-08-24 01:26:00,367.2,305.8,88.3,high,0.09,1.0,2,0.4,1.0,1,Dahej LNG Terminal (Petronet)
21.41608,79.9624,352.23,0.56,0.44,2026-08-22,0509,VIIRS_NOAA20_NRT,VIIRS,h,2.0NRT,303.84,88.82,N,2026-08-22 05:09:00,352.23,303.84,91.5,high,1.111,1.0,1,0.18,1.0,1,Adani Tiroda Thermal Power Plant
17.52054,75.99257,353.55,0.57,0.44,2026-08-23,1715,VIIRS_SNPP_NRT,VIIRS,h,2.0NRT,307.43,60.0,D,2026-08-23 17:15:00,353.55,307.43,97.7,high,0.871,1.0,2,0.16,0.0,1,NTPC Solapur Super Thermal Power Station
21.1727,81.38654,362.38,0.48,0.48,2026-08-20,1143,VIIRS_NOAA20_NRT,VIIRS,h,2.0NRT,301.69,60.0,D,2026-08-20 11:43:00,362.38,301.69,87.5,high,1.226,1.0,1,0.39,0.0,1,SAIL Bhilai Steel Plant
17.54796,73.16856,371.22,0.52,0.42,2026-08-23,0117,VIIRS_NOAA20_NRT,VIIRS,h,2.0NRT,297.95,115.47,N,2026-08-23 01:17:00,371.22,297.95,87.0,high,0.16,1.0,2,0.35,1.0,1,Dabhol LNG Terminal (RGPPL)
18.9945,72.88407,351.89,0.43,0.42,2026-08-20,1228,VIIRS_NOAA20_NRT,VIIRS,h,2.0NRT,300.3,120.43,D,2026-08-20 12:28:00,351.89,300.3,91.9,high,1.298,1.0,2,0.26,0.0,1,HPCL Mumbai Refinery
24.31702,77.19931,354.59,0.58,0.37,2026-08-21,1343,VIIRS_SNPP_NRT,VIIRS,h,2.0NRT,301.31,112.24,D,2026-08-21 13:43:00,354.59,301.31,86.5,high,0.078,1.0,2,0.55,0.0,1,GAIL Vijaipur Petrochemical Complex
10.98246,78.94969,387.0,0.43,0.54,2026-08-21,1330,VIIRS_SNPP_NRT,VIIRS,h,2.0NRT,305.12,272.55,D,2026-08-21 13:30:00,387.0,305.12,89.4,high,0.099,1.0,1,0.03,0.0,1,Dalmia Cement Dalmiapuram
22.43444,69.83751,383.18,0.46,0.37,2026-08-20,1520,VIIRS_SNPP_NRT,VIIRS,h,2.0NRT,306.36,113.03,D,2026-08-20 15:20:00,383.18,306.36,97.5,high,0.617,1.0,2,0.45,0.0,1,Sikka Thermal Power Station
17.52625,75.99826,387.06,0.44,0.51,2026-08-21,0611,VIIRS_NOAA20_NRT,VIIRS,h,2.0NRT,295.3,219.84,D,2026-08-21 06:11:00,387.06,295.3,87.5,high,1.27,1.0,1,0.3,0.0,1,NTPC Solapur Super Thermal Power Station
10.98543,78.95019,354.2,0.59,0.49,2026-08-23,1225,VIIRS_NOAA20_NRT,VIIRS,h,2.0NRT,303.16,197.03,D,2026-08-23 12:25:00,354.2,303.16,86.7,high,0.238,1.0,1,0.44,0.0,1,Dalmia Cement Dalmiapuram
24.20171,82.78238,362.14,0.36,0.46,2026-08-20,1755,VIIRS_SNPP_NRT,VIIRS,h,2.0NRT,300.33,84.11,D,2026-08-20 17:55:00,362.14,300.33,94.3,high,0.212,1.0,1,0.06,0.0,1,Anpara Thermal Power Station
22.82377,69.72251,376.01,0.6,0.51,2026-08-24,0039,VIIRS_NOAA20_NRT,VIIRS,h,2.0NRT,307.0,324.69,N,2026-08-24 00:39:00,376.01,307.0,96.3,high,0.233,1.0,1,0.14,1.0,1,Ambuja Cement Mundra
20.92849,85.04463,367.39,0.42,0.4,2026-08-22,0927,VIIRS_NOAA20_NRT,VIIRS,h,2.0NRT,298.61,282.86,D,2026-08-22 09:27:00,367.39,298.61,91.0,high,0.84,1.0,2,0.49,0.0,1,NTPC Talcher Super Thermal Power Station
16.59324,80.53131,354.87,0.4,0.37,2026-08-22,0009,MODIS_NRT,MODIS,h,2.0NRT,305.37,88.61,N,2026-08-22 00:09:00,354.87,305.37,89.3,high,0.187,1.0,1,0.01,1.0,1,Dr. Narla Tata Rao Thermal Power Station
26.18566,91.78422,379.99,0.36,0.39,2026-08-20,1551,VIIRS_NOAA20_NRT,VIIRS,h,2.0NRT,298.9,129.31,D,2026-08-20 15:51:00,379.99,298.9,89.5,high,0.278,1.0,2,0.15,0.0,1,Guwahati Refinery
22.02603,88.08657,365.56,0.6,0.53,2026-08-22,1741,VIIRS_SNPP_NRT,VIIRS,h,2.0NRT,300.86,74.19,D,2026-08-22 17:41:00,365.56,300.86,86.4,high,0.794,1.0,1,0.59,0.0,1,Indian Oil Haldia Refinery
13.16121,80.25122,354.32,0.54,0.4,2026-08-24,1523,VIIRS_NOAA20_NRT,VIIRS,h,2.0NRT,301.04,91.7,D,2026-08-24 15:23:00,354.32,301.04,92.2,high,1.065,1.0,1,0.29,0.0,1,CPCL Manali Refinery
26.56728,93.77263,365.22,0.49,0.42,2026-08-23,1740,VIIRS_SNPP_NRT,VIIRS,h,2.0NRT,297.91,60.0,D,2026-08-23 17:40:00,365.22,297.91,90.3,high,0.593,1.0,2,0.32,0.0,1,Numaligarh Refinery Limited
26.11941,74.30821,377.75,0.39,0.47,2026-08-24,0351,VIIRS_NOAA20_NRT,VIIRS,h,2.0NRT,297.32,91.52,N,2026-08-24 03:51:00,377.75,297.32,95.3,high,0.9,1.0,2,0.44,1.0,1,Shree Cement Beawar
21.11802,72.6494,393.07,0.53,0.37,2026-08-24,1705,VIIRS_NOAA20_NRT,VIIRS,h,2.0NRT,305.01,101.48,D,2026-08-24 17:05:00,393.07,305.01,93.3,high,0.159,1.0,1,0.37,0.0,1,ONGC Hazira Gas Processing Complex
30.22695,74.9297,372.56,0.39,0.37,2026-08-20,0055,VIIRS_NOAA20_NRT,VIIRS,h,2.0NRT,304.46,60.0,N,2026-08-20 00:55:00,372.56,304.46,96.2,high,0.786,1.0,2,0.39,1.0,1,Guru Nanak Dev Thermal Plant
15.18411,76.66122,363.68,0.39,0.54,2026-08-22,0118,VIIRS_SNPP_NRT,VIIRS,h,2.0NRT,306.48,150.84,N,2026-08-22 01:18:00,363.68,306.48,95.7,high,0.595,1.0,1,0.26,1.0,1,JSW Steel Vijayanagar Complex
21.7915,84.04683,384.67,0.39,0.52,2026-08-21,1657,VIIRS_NOAA20_NRT,VIIRS,h,2.0NRT,300.19,72.24,D,2026-08-21 16:57:00,384.67,300.19,90.3,high,1.0,1.0,2,0.07,0.0,1,Jharsuguda Thermal Power Plant (Vedanta)
22.82273,69.71407,369.35,0.58,0.37,2026-08-20,0130,VIIRS_SNPP_NRT,VIIRS,h,2.0NRT,305.38,109.79,N,2026-08-20 01:30:00,369.35,305.38,89.1,high,0.816,1.0,2,0.6,1.0,1,Ambuja Cement Mundra
24.10336,82.66757,394.96,0.42,0.38,2026-08-24,0501,VIIRS_NOAA20_NRT,VIIRS,h,2.0NRT,302.99,143.43,N,2026-08-24 05:01:00,394.96,302.99,94.1,high,0.419,1.0,2,0.12,1.0,1,NTPC Singrauli Super Thermal Power Station
16.34383,77.32367,348.26,0.59,0.54,2026-08-21,1614,VIIRS_SNPP_NRT,VIIRS,h,2.0NRT,293.77,92.79,D,2026-08-21 16:14:00,348.26,293.77,93.5,high,1.236,1.0,1,0.46,0.0,1,Raichur Thermal Power Station
13.17664,74.78593,353.87,0.57,0.39,2026-08-23,1109,VIIRS_NOAA20_NRT,VIIRS,h,2.0NRT,300.57,73.98,D,2026-08-23 11:09:00,353.87,300.57,95.4,high,1.141,1.0,1,0.43,0.0,1,Udupi Thermal Power Plant
20.26978,86.6349,376.97,0.64,0.44,2026-08-21,0746,VIIRS_SNPP_NRT,VIIRS,h,2.0NRT,293.64,124.81,D,2026-08-21 07:46:00,376.97,293.64,97.4,high,1.327,1.0,1,0.47,0.0,1,Indian Oil Paradip Refinery
27.39188,95.63287,362.16,0.5,0.43,2026-08-23,0708,MODIS_NRT,MODIS,h,2.0NRT,301.67,189.48,D,2026-08-23 07:08:00,362.16,301.67,94.8,high,0.795,1.0,2,0.07,0.0,1,Indian Oil Digboi Refinery
20.95715,86.03753,368.11,0.45,0.36,2026-08-24,0156,VIIRS_SNPP_NRT,VIIRS,h,2.0NRT,302.16,169.75,N,2026-08-24 01:56:00,368.11,302.16,93.9,high,0.225,1.0,2,0.25,1.0,1,Tata Steel Kalinganagar
20.95472,86.03394,380.99,0.48,0.48,2026-08-22,0232,VIIRS_NOAA20_NRT,VIIRS,h,2.0NRT,302.72,122.3,N,2026-08-22 02:32:00,380.99,302.72,94.1,high,0.344,1.0,2,0.31,1.0,1,Tata Steel Kalinganagar
22.14006,82.28268,371.67,0.37,0.52,2026-08-21,0202,VIIRS_NOAA20_NRT,VIIRS,h,2.0NRT,300.8,135.82,N,2026-08-21 02:02:00,371.67,300.8,96.2,high,1.01,1.0,1,0.03,1.0,1,NTPC Sipat Super Thermal Power Plant
22.22373,84.85807,382.91,0.53,0.37,2026-08-21,1409,VIIRS_SNPP_NRT,VIIRS,h,2.0NRT,293.22,159.33,D,2026-08-21 14:09:00,382.91,293.22,96.6,high,0.485,1.0,2,0.58,0.0,1,SAIL Rourkela Steel Plant
25.39678,85.74852,380.32,0.4,0.38,2026-08-23,0845,VIIRS_SNPP_NRT,VIIRS,h,2.0NRT,303.58,81.3,D,2026-08-23 08:45:00,380.32,303.58,90.4,high,1.347,1.0,2,0.5,0.0,1,NTPC Barh Super Thermal Power Station
23.037,70.21029,354.66,0.49,0.38,2026-08-24,0026,VIIRS_NOAA20_NRT,VIIRS,h,2.0NRT,299.72,190.78,N,2026-08-24 00:26:00,354.66,299.72,90.5,high,0.774,1.0,1,0.54,1.0,1,IFFCO Kandla Fertilizer Plant
30.4834,76.60112,371.04,0.54,0.48,2026-08-24,0551,VIIRS_SNPP_NRT,VIIRS,h,2.0NRT,301.8,139.33,N,2026-08-24 05:51:00,371.04,301.8,91.9,high,0.108,1.0,2,0.46,1.0,1,Rajpura Thermal Power Plant (Nabha Power)
21.6323,81.82045,387.69,0.53,0.52,2026-08-20,1154,VIIRS_NOAA20_NRT,VIIRS,h,2.0NRT,300.24,140.92,D,2026-08-20 11:54:00,387.69,300.24,95.8,high,0.528,1.0,1,0.3,0.0,1,UltraTech Cement Hirmi Works
25.27657,87.25862,391.11,0.48,0.41,2026-08-21,0036,VIIRS_SNPP_NRT,VIIRS,h,2.0NRT,302.46,101.31,N,2026-08-21 00:36:00,391.11,302.46,87.5,high,0.742,1.0,2,0.36,1.0,1,NTPC Kahalgaon Super Thermal Power Station
21.67332,72.52788,394.14,0.64,0.51,2026-08-20,1243,MODIS_NRT,MODIS,h,2.0NRT,302.31,113.91,D,2026-08-20 12:43:00,394.14,302.31,91.7,high,0.413,1.0,1,0.07,0.0,1,Dahej LNG Terminal (Petronet)
19.0583,82.10351,378.74,0.39,0.36,2026-08-24,0438,VIIRS_NOAA20_NRT,VIIRS,h,2.0NRT,307.55,71.75,N,2026-08-24 04:38:00,378.74,307.55,98.8,high,1.004,1.0,1,0.47,1.0,1,NMDC Iron and Steel Plant Nagarnar
26.2383,74.15292,367.34,0.6,0.36,2026-08-22,0955,VIIRS_NOAA20_NRT,VIIRS,h,2.0NRT,304.91,60.0,D,2026-08-22 09:55:00,367.34,304.91,86.2,high,1.333,1.0,1,0.03,0.0,1,Shree Cement Ras
17.58702,83.13678,384.36,0.61,0.35,2026-08-24,0806,VIIRS_SNPP_NRT,VIIRS,h,2.0NRT,305.98,60.0,D,2026-08-24 08:06:00,384.36,305.98,95.4,high,0.192,1.0,2,0.31,0.0,1,NTPC Simhadri Super Thermal Power Plant
26.50495,90.54062,379.57,0.53,0.43,2026-08-23,0517,VIIRS_NOAA20_NRT,VIIRS,h,2.0NRT,296.56,86.9,N,2026-08-23 05:17:00,379.57,296.56,96.9,high,0.089,1.0,1,0.53,1.0,1,Indian Oil Bongaigaon Refinery
20.28118,86.64453,381.73,0.65,0.49,2026-08-22,0007,VIIRS_SNPP_NRT,VIIRS,h,2.0NRT,305.11,132.43,N,2026-08-22 00:07:00,381.73,305.11,99.0,high,0.294,1.0,2,0.36,1.0,1,Indian Oil Paradip Refinery
24.08713,82.67214,365.17,0.45,0.43,2026-08-21,0538,VIIRS_NOAA20_NRT,VIIRS,h,2.0NRT,294.01,96.7,N,2026-08-21 05:38:00,365.17,294.01,87.8,high,1.242,1.0,2,0.45,1.0,1,NTPC Vindhyachal Super Thermal Power Station
26.11524,74.32408,359.05,0.44,0.4,2026-08-21,1337,VIIRS_NOAA20_NRT,VIIRS,h,2.0NRT,297.88,100.81,D,2026-08-21 13:37:00,359.05,297.88,97.7,high,0.755,1.0,2,0.19,0.0,1,Shree Cement Beawar
30.48108,76.61214,385.22,0.59,0.53,2026-08-20,0340,MODIS_NRT,MODIS,h,2.0NRT,304.76,126.35,N,2026-08-20 03:40:00,385.22,304.76,91.1,high,1.189,1.0,1,0.11,1.0,1,Rajpura Thermal Power Plant (Nabha Power)
19.98894,79.28777,392.9,0.42,0.36,2026-08-23,0017,MODIS_NRT,MODIS,h,2.0NRT,300.69,85.07,N,2026-08-23 00:17:00,392.9,300.69,91.1,high,0.782,1.0,1,0.27,1.0,1,Chandrapur Super Thermal Power Station
26.5095,90.54155,366.07,0.47,0.35,2026-08-22,0223,VIIRS_SNPP_NRT,VIIRS,h,2.0NRT,293.91,65.77,N,2026-08-22 02:23:00,366.07,293.91,94.8,high,0.457,1.0,1,0.52,1.0,1,Indian Oil Bongaigaon Refinery
28.59894,77.55167,363.66,0.49,0.49,2026-08-21,0935,VIIRS_SNPP_NRT,VIIRS,h,2.0NRT,299.47,60.51,D,2026-08-21 09:35:00,363.66,299.47,95.9,high,0.051,1.0,1,0.14,0.0,1,NTPC Dadri Thermal Power Plant
16.60252,80.53416,381.44,0.41,0.36,2026-08-21,0000,MODIS_NRT,MODIS,h,2.0NRT,295.26,63.19,N,2026-08-21 00:00:00,381.44,295.26,85.7,high,1.262,1.0,1,0.37,1.0,1,Dr. Narla Tata Rao Thermal Power Station
28.59642,77.55013,387.92,0.43,0.53,2026-08-24,1559,VIIRS_SNPP_NRT,VIIRS,h,2.0NRT,293.07,66.07,D,2026-08-24 15:59:00,387.92,293.07,96.9,high,0.365,1.0,2,0.27,0.0,1,NTPC Dadri Thermal Power Plant
26.24227,74.16021,362.96,0.37,0.36,2026-08-23,0319,VIIRS_SNPP_NRT,VIIRS,h,2.0NRT,304.99,69.1,N,2026-08-23 03:19:00,362.96,304.99,93.4,high,1.333,1.0,2,0.01,1.0,1,Shree Cement Ras
24.78273,87.8966,382.71,0.4,0.45,2026-08-23,0740,VIIRS_SNPP_NRT,VIIRS,h,2.0NRT,297.76,222.92,D,2026-08-23 07:40:00,382.71,297.76,97.5,high,0.266,1.0,2,0.6,0.0,1,NTPC Farakka Super Thermal Power Station
26.50624,90.54007,353.96,0.37,0.47,2026-08-20,0816,VIIRS_NOAA20_NRT,VIIRS,h,2.0NRT,306.46,156.4,D,2026-08-20 08:16:00,353.96,306.46,97.3,high,0.071,1.0,1,0.4,0.0,1,Indian Oil Bongaigaon Refinery
19.01628,72.88393,358.87,0.57,0.46,2026-08-22,1045,VIIRS_NOAA20_NRT,VIIRS,h,2.0NRT,306.11,163.7,D,2026-08-22 10:45:00,358.87,306.11,88.6,high,1.139,1.0,2,0.46,0.0,1,HPCL Mumbai Refinery
25.96136,72.16615,385.41,0.55,0.38,2026-08-24,0323,VIIRS_NOAA20_NRT,VIIRS,h,2.0NRT,300.8,95.49,N,2026-08-24 03:23:00,385.41,300.8,90.7,high,0.596,1.0,1,0.11,1.0,1,HPCL Rajasthan Refinery
26.25176,74.14759,357.97,0.57,0.51,2026-08-22,1205,VIIRS_SNPP_NRT,VIIRS,h,2.0NRT,300.05,120.69,D,2026-08-22 12:05:00,357.97,300.05,95.3,high,0.31,1.0,2,0.34,0.0,1,Shree Cement Ras
22.74843,88.35935,352.69,0.57,0.53,2026-08-20,0522,MODIS_NRT,MODIS,h,2.0NRT,296.07,69.93,N,2026-08-20 05:22:00,352.69,296.07,95.4,high,1.227,1.0,2,0.19,1.0,1,CESC Titagarh Generating Station
21.75168,83.46952,376.28,0.4,0.49,2026-08-21,0246,VIIRS_SNPP_NRT,VIIRS,h,2.0NRT,307.03,76.08,N,2026-08-21 02:46:00,376.28,307.03,91.5,high,0.843,1.0,1,0.2,1.0,1,NTPC Lara Super Thermal Power Station
22.35909,69.83428,389.41,0.43,0.36,2026-08-24,0028,VIIRS_NOAA20_NRT,VIIRS,h,2.0NRT,297.17,101.87,N,2026-08-24 00:28:00,389.41,297.17,87.8,high,0.368,1.0,1,0.58,1.0,1,Reliance Jamnagar Refinery Complex
20.89111,85.03214,359.86,0.64,0.36,2026-08-20,1736,MODIS_NRT,MODIS,h,2.0NRT,297.42,60.0,D,2026-08-20 17:36:00,359.86,297.42,95.7,high,0.9,1.0,2,0.08,0.0,1,JSPL Angul Steel Plant
29.43898,76.95455,376.99,0.53,0.5,2026-08-21,0051,VIIRS_SNPP_NRT,VIIRS,h,2.0NRT,301.14,60.0,N,2026-08-21 00:51:00,376.99,301.14,87.3,high,0.77,1.0,2,0.22,1.0,1,NFL Panipat Fertilizer Plant
19.00643,72.87722,357.72,0.4,0.43,2026-08-21,0910,VIIRS_SNPP_NRT,VIIRS,h,2.0NRT,307.12,97.87,D,2026-08-21 09:10:00,357.72,307.12,86.7,high,0.577,1.0,2,0.27,0.0,1,HPCL Mumbai Refinery
29.93851,75.24186,372.95,0.58,0.45,2026-08-21,0053,MODIS_NRT,MODIS,h,2.0NRT,296.73,199.6,N,2026-08-21 00:53:00,372.95,296.73,88.4,high,0.975,1.0,1,0.32,1.0,1,Talwandi Sabo Power Limited (TSPL)
21.87353,83.3963,353.91,0.43,0.36,2026-08-21,1257,VIIRS_SNPP_NRT,VIIRS,h,2.0NRT,307.28,108.21,D,2026-08-21 12:57:00,353.91,307.28,91.7,high,0.748,1.0,1,0.07,0.0,1,JSPL Raigarh Steel Plant
22.82232,69.52273,366.82,0.49,0.38,2026-08-24,1544,VIIRS_NOAA20_NRT,VIIRS,h,2.0NRT,300.98,179.49,D,2026-08-24 15:44:00,366.82,300.98,87.6,high,0.469,1.0,2,0.2,0.0,1,Mundra Ultra Mega Power Plant
23.03273,70.21764,377.27,0.35,0.55,2026-08-22,0217,MODIS_NRT,MODIS,h,2.0NRT,304.26,84.12,N,2026-08-22 02:17:00,377.27,304.26,96.1,high,0.115,1.0,2,0.17,1.0,1,IFFCO Kandla Fertilizer Plant
15.27071,76.37107,377.72,0.55,0.47,2026-08-20,0427,VIIRS_NOAA20_NRT,VIIRS,h,2.0NRT,298.89,92.09,N,2026-08-20 04:27:00,377.72,298.89,97.9,high,0.647,1.0,1,0.57,1.0,1,Kalyani Steels Hospet
20.95947,86.03969,387.76,0.55,0.41,2026-08-21,1727,VIIRS_NOAA20_NRT,VIIRS,h,2.0NRT,293.6,145.62,D,2026-08-21 17:27:00,387.76,293.6,91.3,high,0.496,1.0,2,0.57,0.0,1,Tata Steel Kalinganagar
26.17583,91.7891,381.83,0.47,0.44,2026-08-21,0220,VIIRS_NOAA20_NRT,VIIRS,h,2.0NRT,300.63,122.58,N,2026-08-21 02:20:00,381.83,300.63,97.7,high,1.012,1.0,1,0.06,1.0,1,Guwahati Refinery
24.02208,82.7858,348.93,0.39,0.41,2026-08-23,0854,VIIRS_NOAA20_NRT,VIIRS,h,2.0NRT,297.9,146.98,D,2026-08-23 08:54:00,348.93,297.9,87.8,high,0.919,1.0,2,0.08,0.0,1,NTPC Rihand Super Thermal Power Station
19.01866,72.87898,373.48,0.45,0.55,2026-08-21,0937,VIIRS_SNPP_NRT,VIIRS,h,2.0NRT,303.52,125.77,D,2026-08-21 09:37:00,373.48,303.52,98.3,high,0.929,1.0,2,0.41,0.0,1,BPCL Mumbai Refinery
21.75772,83.47396,376.68,0.54,0.42,2026-08-24,1242,VIIRS_SNPP_NRT,VIIRS,h,2.0NRT,299.66,104.52,D,2026-08-24 12:42:00,376.68,299.66,98.1,high,0.08,1.0,1,0.15,0.0,1,NTPC Lara Super Thermal Power Station
21.41734,79.94302,383.01,0.54,0.41,2026-08-24,0414,VIIRS_NOAA20_NRT,VIIRS,h,2.0NRT,304.47,127.34,N,2026-08-24 04:14:00,383.01,304.47,95.7,high,1.253,1.0,1,0.35,1.0,1,Adani Tiroda Thermal Power Plant
27.38852,95.6323,388.45,0.58,0.37,2026-08-20,0514,VIIRS_NOAA20_NRT,VIIRS,h,2.0NRT,295.52,85.16,N,2026-08-20 05:14:00,388.45,295.52,85.1,high,0.584,1.0,1,0.23,1.0,1,Indian Oil Digboi Refinery
23.66764,86.11433,377.12,0.43,0.53,2026-08-24,0347,VIIRS_SNPP_NRT,VIIRS,h,2.0NRT,306.99,189.34,N,2026-08-24 03:47:00,377.12,306.99,98.7,high,0.301,1.0,1,0.07,1.0,1,SAIL Bokaro Steel Plant
20.95455,85.22647,373.95,0.38,0.5,2026-08-20,1701,MODIS_NRT,MODIS,h,2.0NRT,300.51,92.34,D,2026-08-20 17:01:00,373.95,300.51,94.6,high,1.134,1.0,2,0.59,0.0,1,Talcher Coalfield
13.16199,80.26164,379.6,0.45,0.5,2026-08-21,1724,VIIRS_NOAA20_NRT,VIIRS,h,2.0NRT,298.3,136.9,D,2026-08-21 17:24:00,379.6,298.3,96.0,high,0.651,1.0,2,0.29,0.0,1,CPCL Manali Refinery
21.25675,79.1092,352.52,0.58,0.36,2026-08-21,0005,VIIRS_SNPP_NRT,VIIRS,h,2.0NRT,295.3,108.37,N,2026-08-21 00:05:00,352.52,295.3,92.5,high,1.213,1.0,1,0.39,1.0,1,Koradi Thermal Power Station
16.59316,80.53261,386.69,0.43,0.5,2026-08-24,0344,VIIRS_SNPP_NRT,VIIRS,h,2.0NRT,301.08,60.0,N,2026-08-24 03:44:00,386.69,301.08,96.5,high,0.269,1.0,1,0.45,1.0,1,Dr. Narla Tata Rao Thermal Power Station
21.10712,72.64216,357.79,0.47,0.55,2026-08-20,0102,VIIRS_SNPP_NRT,VIIRS,h,2.0NRT,304.27,60.0,N,2026-08-20 01:02:00,357.79,304.27,86.7,high,0.655,1.0,2,0.08,1.0,1,Essar Steel Hazira (AMNS India)
8.81224,77.7369,393.85,0.57,0.46,2026-08-23,0517,VIIRS_NOAA20_NRT,VIIRS,h,2.0NRT,306.09,104.65,N,2026-08-23 05:17:00,393.85,306.09,87.7,high,0.634,1.0,2,0.5,1.0,1,India Cements Sankar Nagar
21.72475,72.57097,376.27,0.47,0.4,2026-08-20,0420,VIIRS_NOAA20_NRT,VIIRS,h,2.0NRT,300.29,88.8,N,2026-08-20 04:20:00,376.27,300.29,88.6,high,0.975,1.0,2,0.31,1.0,1,Reliance Dahej Manufacturing Division
22.42576,69.83096,348.05,0.49,0.45,2026-08-21,1653,VIIRS_SNPP_NRT,VIIRS,h,2.0NRT,296.18,139.04,D,2026-08-21 16:53:00,348.05,296.18,97.5,high,0.785,1.0,2,0.04,0.0,1,Sikka Thermal Power Station
30.24745,74.96494,379.94,0.61,0.41,2026-08-22,0104,VIIRS_SNPP_NRT,VIIRS,h,2.0NRT,296.21,60.18,N,2026-08-22 01:04:00,379.94,296.21,86.4,high,0.33,1.0,1,0.22,1.0,1,NFL Bathinda Fertilizer Plant
22.36787,73.16079,357.65,0.54,0.37,2026-08-20,0006,VIIRS_SNPP_NRT,VIIRS,h,2.0NRT,306.33,155.87,N,2026-08-20 00:06:00,357.65,306.33,98.0,high,0.515,1.0,1,0.45,1.0,1,Indian Oil Gujarat Refinery (Koyali)
22.80678,69.53152,350.08,0.64,0.45,2026-08-24,1555,VIIRS_NOAA20_NRT,VIIRS,h,2.0NRT,299.02,148.73,D,2026-08-24 15:55:00,350.08,299.02,89.5,high,1.118,1.0,1,0.3,0.0,1,Coastal Gujarat Power Limited (CGPL)
9.96837,76.37819,354.02,0.46,0.43,2026-08-24,0035,VIIRS_NOAA20_NRT,VIIRS,h,2.0NRT,297.82,73.21,N,2026-08-24 00:35:00,354.02,297.82,87.7,high,0.546,1.0,1,0.38,1.0,1,BPCL Kochi Refinery
17.33001,73.19875,363.48,0.45,0.43,2026-08-21,0322,VIIRS_NOAA20_NRT,VIIRS,h,2.0NRT,299.77,96.81,N,2026-08-21 03:22:00,363.48,299.77,93.0,high,1.257,1.0,1,0.06,1.0,1,JSW Ratnagiri Thermal Power Plant
17.68276,83.28561,374.45,0.55,0.36,2026-08-20,0835,MODIS_NRT,MODIS,h,2.0NRT,304.33,149.62,D,2026-08-20 08:35:00,374.45,304.33,88.6,high,0.992,1.0,2,0.24,0.0,1,HPCL Visakh Refinery
31.35679,76.36042,349.81,0.49,0.35,2026-08-20,0514,VIIRS_NOAA20_NRT,VIIRS,h,2.0NRT,303.21,105.69,N,2026-08-20 05:14:00,349.81,303.21,92.9,high,1.253,1.0,1,0.47,1.0,1,NFL Nangal Fertilizer Plant
30.2425,74.9756,360.71,0.64,0.52,2026-08-21,0157,VIIRS_NOAA20_NRT,VIIRS,h,2.0NRT,295.41,151.55,N,2026-08-21 01:57:00,360.71,295.41,95.8,high,1.194,1.0,2,0.36,1.0,1,NFL Bathinda Fertilizer Plant
29.92573,75.25879,386.12,0.48,0.37,2026-08-24,1156,VIIRS_NOAA20_NRT,VIIRS,h,2.0NRT,300.23,60.0,D,2026-08-24 11:56:00,386.12,300.23,92.9,high,1.194,1.0,1,0.48,0.0,1,Talwandi Sabo Power Limited (TSPL)
24.63205,76.87062,349.13,0.46,0.47,2026-08-24,1340,VIIRS_SNPP_NRT,VIIRS,h,2.0NRT,300.81,238.96,D,2026-08-24 13:40:00,349.13,300.81,91.5,high,0.42,1.0,1,0.28,0.0,1,Chhabra Thermal Power Plant
24.10286,82.67811,356.86,0.37,0.48,2026-08-21,1524,VIIRS_SNPP_NRT,VIIRS,h,2.0NRT,298.16,98.92,D,2026-08-21 15:24:00,356.86,298.16,86.4,high,0.73,1.0,2,0.52,0.0,1,NTPC Singrauli Super Thermal Power Station
21.82833,84.00248,373.13,0.62,0.36,2026-08-23,0318,VIIRS_NOAA20_NRT,VIIRS,h,2.0NRT,307.9,127.43,N,2026-08-23 03:18:00,373.13,307.9,98.4,high,0.609,1.0,1,0.5,1.0,1,Bhushan Power & Steel Jharsuguda
30.2517,74.96748,355.32,0.64,0.41,2026-08-23,1159,VIIRS_SNPP_NRT,VIIRS,h,2.0NRT,301.02,247.36,D,2026-08-23 11:59:00,355.32,301.02,97.8,high,0.203,1.0,1,0.11,0.0,1,NFL Bathinda Fertilizer Plant
26.63034,79.74964,381.27,0.59,0.46,2026-08-21,1307,MODIS_NRT,MODIS,h,2.0NRT,305.45,183.19,D,2026-08-21 13:07:00,381.27,305.45,98.7,high,1.306,1.0,1,0.54,0.0,1,GAIL Pata Petrochemical Plant
21.71279,72.55717,369.45,0.48,0.54,2026-08-23,0034,VIIRS_SNPP_NRT,VIIRS,h,2.0NRT,298.8,60.0,N,2026-08-23 00:34:00,369.45,298.8,90.1,high,1.316,1.0,2,0.37,1.0,1,Reliance Dahej Manufacturing Division
15.18393,76.66899,358.28,0.4,0.36,2026-08-20,1202,VIIRS_SNPP_NRT,VIIRS,h,2.0NRT,300.74,241.78,D,2026-08-20 12:02:00,358.28,300.74,98.1,high,0.256,1.0,1,0.34,0.0,1,JSW Steel Vijayanagar Complex
30.12247,77.29702,357.49,0.42,0.44,2026-08-20,1006,MODIS_NRT,MODIS,h,2.0NRT,305.01,104.17,D,2026-08-20 10:06:00,357.49,305.01,93.6,high,1.238,1.0,1,0.57,0.0,1,Deenbandhu Chhotu Ram Thermal Power Station
13.15753,74.78085,363.07,0.4,0.54,2026-08-21,0443,VIIRS_SNPP_NRT,VIIRS,h,2.0NRT,302.8,124.68,N,2026-08-21 04:43:00,363.07,302.8,94.4,high,1.054,1.0,2,0.06,1.0,1,Udupi Thermal Power Plant
29.92707,75.24911,368.52,0.42,0.48,2026-08-24,0044,VIIRS_SNPP_NRT,VIIRS,h,2.0NRT,307.92,100.73,N,2026-08-24 00:44:00,368.52,307.92,91.8,high,0.698,1.0,2,0.03,1.0,1,Talwandi Sabo Power Limited (TSPL)
13.25504,80.32711,350.84,0.61,0.48,2026-08-24,1138,VIIRS_SNPP_NRT,VIIRS,h,2.0NRT,305.33,80.08,D,2026-08-24 11:38:00,350.84,305.33,94.1,high,0.661,1.0,1,0.4,0.0,1,Ennore LNG Terminal
24.79117,87.89695,367.98,0.39,0.39,2026-08-22,0835,VIIRS_NOAA20_NRT,VIIRS,h,2.0NRT,305.18,71.22,D,2026-08-22 08:35:00,367.98,305.18,92.1,high,0.926,1.0,2,0.38,0.0,1,NTPC Farakka Super Thermal Power Station
28.59785,77.56402,392.93,0.58,0.49,2026-08-23,0152,VIIRS_NOAA20_NRT,VIIRS,h,2.0NRT,295.32,268.59,N,2026-08-23 01:52:00,392.93,295.32,87.8,high,1.215,1.0,2,0.21,1.0,1,NTPC Dadri Thermal Power Plant
30.48694,76.60562,362.49,0.57,0.51,2026-08-22,1114,VIIRS_SNPP_NRT,VIIRS,h,2.0NRT,294.91,113.34,D,2026-08-22 11:14:00,362.49,294.91,92.7,high,0.674,1.0,2,0.27,0.0,1,Rajpura Thermal Power Plant (Nabha Power)
22.4612,88.13941,369.97,0.39,0.44,2026-08-24,0816,VIIRS_SNPP_NRT,VIIRS,h,2.0NRT,298.88,121.34,D,2026-08-24 08:16:00,369.97,298.88,88.4,high,0.363,1.0,2,0.22,0.0,1,CESC Budge Budge Generating Station
17.68987,83.27624,371.4,0.59,0.44,2026-08-22,1649,VIIRS_NOAA20_NRT,VIIRS,h,2.0NRT,302.64,75.82,D,2026-08-22 16:49:00,371.4,302.64,97.1,high,0.357,1.0,2,0.05,0.0,1,HPCL Visakh Refinery
26.17726,91.78354,374.7,0.6,0.55,2026-08-20,0147,VIIRS_SNPP_NRT,VIIRS,h,2.0NRT,301.28,134.28,N,2026-08-20 01:47:00,374.7,301.28,96.7,high,0.672,1.0,2,0.53,1.0,1,Guwahati Refinery
19.06333,82.10253,376.5,0.37,0.54,2026-08-21,0813,VIIRS_SNPP_NRT,VIIRS,h,2.0NRT,307.08,99.76,D,2026-08-21 08:13:00,376.5,307.08,89.8,high,0.459,1.0,1,0.24,0.0,1,NMDC Iron and Steel Plant Nagarnar
24.10131,82.68053,386.16,0.42,0.41,2026-08-24,0548,VIIRS_NOAA20_NRT,VIIRS,h,2.0NRT,296.97,148.0,N,2026-08-24 05:48:00,386.16,296.97,97.8,high,0.938,1.0,1,0.16,1.0,1,NTPC Vindhyachal Super Thermal Power Station
26.245,74.15252,384.46,0.65,0.36,2026-08-23,0634,VIIRS_SNPP_NRT,VIIRS,h,2.0NRT,304.58,105.77,D,2026-08-23 06:34:00,384.46,304.58,90.3,high,0.61,1.0,2,0.12,0.0,1,Shree Cement Ras
11.67512,77.97208,383.11,0.61,0.48,2026-08-22,0228,VIIRS_SNPP_NRT,VIIRS,h,2.0NRT,298.57,99.12,N,2026-08-22 02:28:00,383.11,298.57,87.6,high,1.104,1.0,2,0.59,1.0,1,JSW Steel Salem
10.82187,79.84846,359.56,0.49,0.41,2026-08-20,0110,VIIRS_NOAA20_NRT,VIIRS,h,2.0NRT,303.95,116.44,N,2026-08-20 01:10:00,359.56,303.95,95.6,high,0.586,1.0,1,0.48,1.0,1,Chennai Petroleum (CPCL) Cauvery Basin Refinery
28.38231,76.66114,359.97,0.47,0.36,2026-08-24,0250,VIIRS_SNPP_NRT,VIIRS,h,2.0NRT,295.03,93.36,N,2026-08-24 02:50:00,359.97,295.03,98.2,high,1.095,1.0,1,0.38,1.0,1,Indira Gandhi Super Thermal Power Project (Jhajjar)
22.43124,69.84789,388.0,0.58,0.38,2026-08-22,0105,VIIRS_NOAA20_NRT,VIIRS,h,2.0NRT,305.73,114.04,N,2026-08-22 01:05:00,388.0,305.73,88.2,high,1.069,1.0,2,0.47,1.0,1,Sikka Thermal Power Station
22.42052,69.84131,372.79,0.42,0.45,2026-08-24,1107,VIIRS_SNPP_NRT,VIIRS,h,2.0NRT,304.17,104.98,D,2026-08-24 11:07:00,372.79,304.17,96.5,high,0.999,1.0,2,0.35,0.0,1,Sikka Thermal Power Station
21.11227,72.6322,359.6,0.57,0.53,2026-08-21,1527,VIIRS_SNPP_NRT,VIIRS,h,2.0NRT,304.05,83.27,D,2026-08-21 15:27:00,359.6,304.05,94.5,high,0.565,1.0,2,0.59,0.0,1,Essar Steel Hazira (AMNS India)
22.94808,78.8535,352.41,0.64,0.53,2026-08-21,0322,VIIRS_NOAA20_NRT,VIIRS,h,2.0NRT,299.19,178.77,N,2026-08-21 03:22:00,352.41,299.19,97.3,high,0.881,1.0,2,0.46,1.0,1,NTPC Gadarwara Super Thermal Power Station
17.68615,83.27674,386.99,0.45,0.52,2026-08-23,1128,VIIRS_NOAA20_NRT,VIIRS,h,2.0NRT,293.37,123.23,D,2026-08-23 11:28:00,386.99,293.37,88.1,high,0.489,1.0,1,0.02,0.0,1,HPCL Visakh Refinery
28.02764,78.1374,388.73,0.42,0.4,2026-08-21,0246,VIIRS_NOAA20_NRT,VIIRS,h,2.0NRT,304.19,60.0,N,2026-08-21 02:46:00,388.73,304.19,97.4,high,1.281,1.0,1,0.58,1.0,1,Harduaganj Thermal Power Station
22.35063,69.82507,372.99,0.45,0.47,2026-08-20,1650,VIIRS_SNPP_NRT,VIIRS,h,2.0NRT,300.14,60.0,D,2026-08-20 16:50:00,372.99,300.14,91.3,high,0.974,1.0,2,0.08,0.0,1,Reliance Jamnagar Refinery Complex
26.51532,90.53429,355.95,0.37,0.38,2026-08-24,0059,VIIRS_SNPP_NRT,VIIRS,h,2.0NRT,296.18,82.45,N,2026-08-24 00:59:00,355.95,296.18,86.3,high,1.226,1.0,2,0.35,1.0,1,Indian Oil Bongaigaon Refinery
24.41022,82.97564,378.01,0.59,0.4,2026-08-20,0204,VIIRS_SNPP_NRT,VIIRS,h,2.0NRT,300.83,100.39,N,2026-08-20 02:04:00,378.01,300.83,95.0,high,1.059,1.0,1,0.09,1.0,1,Obra Thermal Power Station
14.64502,78.44263,388.25,0.62,0.41,2026-08-21,0241,VIIRS_SNPP_NRT,VIIRS,h,2.0NRT,294.17,141.47,N,2026-08-21 02:41:00,388.25,294.17,95.7,high,1.146,1.0,2,0.17,1.0,1,Rayalaseema Thermal Power Station
21.1056,72.61624,377.31,0.47,0.37,2026-08-23,0645,VIIRS_NOAA20_NRT,VIIRS,h,2.0NRT,295.03,290.16,D,2026-08-23 06:45:00,377.31,295.03,94.7,high,0.772,1.0,1,0.13,0.0,1,Hazira LNG Terminal (Shell)
10.82694,79.85469,373.65,0.5,0.46,2026-08-22,0455,VIIRS_NOAA20_NRT,VIIRS,h,2.0NRT,304.41,90.93,N,2026-08-22 04:55:00,373.65,304.41,91.6,high,1.018,1.0,2,0.44,1.0,1,CPCL Nagapattinam Refinery
24.81061,74.62926,391.32,0.38,0.35,2026-08-22,0825,VIIRS_NOAA20_NRT,VIIRS,h,2.0NRT,300.4,60.0,D,2026-08-22 08:25:00,391.32,300.4,91.6,high,0.144,1.0,1,0.26,0.0,1,UltraTech Cement Aditya Nagar (Aditya Cement Works)
25.40396,85.76381,355.25,0.47,0.5,2026-08-23,1038,VIIRS_SNPP_NRT,VIIRS,h,2.0NRT,307.12,90.26,D,2026-08-23 10:38:00,355.25,307.12,87.3,high,1.006,1.0,1,0.54,0.0,1,NTPC Barh Super Thermal Power Station
25.18354,75.80973,394.94,0.65,0.46,2026-08-23,0345,VIIRS_SNPP_NRT,VIIRS,h,2.0NRT,296.36,161.15,N,2026-08-23 03:45:00,394.94,296.36,89.0,high,0.702,1.0,2,0.38,1.0,1,Kota Super Thermal Power Plant
25.96995,72.17883,387.14,0.59,0.4,2026-08-24,1754,MODIS_NRT,MODIS,h,2.0NRT,297.55,139.78,D,2026-08-24 17:54:00,387.14,297.55,91.2,high,1.265,1.0,1,0.33,0.0,1,HPCL Rajasthan Refinery
13.16019,80.25865,367.19,0.48,0.4,2026-08-22,0131,VIIRS_SNPP_NRT,VIIRS,h,2.0NRT,304.24,115.45,N,2026-08-22 01:31:00,367.19,304.24,89.7,high,0.78,1.0,2,0.46,1.0,1,CPCL Manali Refinery
8.81642,77.73395,378.83,0.6,0.38,2026-08-22,0401,VIIRS_NOAA20_NRT,VIIRS,h,2.0NRT,297.13,78.36,N,2026-08-22 04:01:00,378.83,297.13,85.9,high,0.078,1.0,2,0.27,1.0,1,India Cements Sankar Nagar
21.64197,81.82434,389.97,0.55,0.49,2026-08-23,0753,VIIRS_NOAA20_NRT,VIIRS,h,2.0NRT,293.17,165.81,D,2026-08-23 07:53:00,389.97,293.17,87.5,high,0.626,1.0,1,0.36,0.0,1,UltraTech Cement Hirmi Works
26.11476,74.3233,364.9,0.48,0.48,2026-08-24,0201,VIIRS_NOAA20_NRT,VIIRS,h,2.0NRT,296.37,236.04,N,2026-08-24 02:01:00,364.9,296.37,85.6,high,0.693,1.0,1,0.47,1.0,1,Shree Cement Beawar
21.63453,81.81131,370.33,0.4,0.51,2026-08-22,0209,VIIRS_SNPP_NRT,VIIRS,h,2.0NRT,302.05,165.84,N,2026-08-22 02:09:00,370.33,302.05,88.4,high,1.106,1.0,1,0.56,1.0,1,UltraTech Cement Hirmi Works
22.47457,88.13807,392.74,0.52,0.37,2026-08-21,0858,MODIS_NRT,MODIS,h,2.0NRT,293.18,138.19,D,2026-08-21 08:58:00,392.74,293.18,95.7,high,1.261,1.0,1,0.37,0.0,1,CESC Budge Budge Generating Station
13.16006,74.7872,355.22,0.44,0.54,2026-08-22,1143,VIIRS_NOAA20_NRT,VIIRS,h,2.0NRT,304.1,165.9,D,2026-08-22 11:43:00,355.22,304.1,86.1,high,0.851,1.0,2,0.44,0.0,1,Udupi Thermal Power Plant
30.01717,75.01953,392.3,0.42,0.47,2026-08-21,0851,VIIRS_SNPP_NRT,VIIRS,h,2.0NRT,304.01,87.22,D,2026-08-21 08:51:00,392.3,304.01,88.0,high,0.277,1.0,1,0.15,0.0,1,Bathinda Guru Gobind Singh Refinery (HMEL)
24.32524,77.16595,352.15,0.45,0.52,2026-08-23,0408,VIIRS_NOAA20_NRT,VIIRS,h,2.0NRT,303.11,88.16,N,2026-08-23 04:08:00,352.15,303.11,89.8,high,0.953,1.0,1,0.31,1.0,1,NFL Vijaipur Fertilizer Plant
13.17263,80.2572,353.45,0.36,0.41,2026-08-24,0141,VIIRS_SNPP_NRT,VIIRS,h,2.0NRT,306.28,91.94,N,2026-08-24 01:41:00,353.45,306.28,91.8,high,0.631,1.0,1,0.26,1.0,1,CPCL Manali Refinery
26.56145,93.76589,349.51,0.49,0.43,2026-08-22,0627,VIIRS_SNPP_NRT,VIIRS,h,2.0NRT,302.22,91.1,D,2026-08-22 06:27:00,349.51,302.22,90.2,high,0.589,1.0,1,0.49,0.0,1,Numaligarh Refinery Limited
